review_number,block,block_chronology,block_position
3,RefLogWriter_1,ini/mei/final,mesmo arquivo
33,Main_0,ini/mei/final,arquivo diferente
143,Constants_0,unique/ini/mei/final,mesmo arquivo
144,DirCache_1,unique/ini/mei/final,mesmo arquivo
144,DirCacheEntry_5,unique/ini/mei/final,mesmo arquivo
145,AbstractTreeIterator_1,unique/ini/mei/final,mesmo arquivo
152,TemporaryBuffer_3,ini/mei/final,mesmo arquivo
194,Repository_20,ini/mei/final,mesmo arquivo
234,RefAdvertiser_0,ini/mei/final,arquivo diferente
235,Repository_27,unique/ini/mei/final,mesmo arquivo
236,Repository_30,ini/mei/final,mesmo arquivo
240,TransportGitSsh_0,unique/ini/mei/final,mesmo arquivo
293,PushProcess_6,ini/mei/final,mesmo arquivo
347,PushProcess_15,ini/mei/final,mesmo arquivo
528,Repository_0,unique/ini,mesmo arquivo
705,WindowCache_1,ini/mei/final,arquivo diferente
706,WindowCursor_0,unique/ini/mei/final,mesmo arquivo
707,PackFile_1,unique/ini/mei/final,mesmo arquivo
707,PackFile_2,unique/ini/mei/final,mesmo arquivo
711,PackFile_1,unique/ini/mei/final,mesmo arquivo
759,PackFile_1,unique/ini/mei/final,mesmo arquivo
759,PackFile_0,unique/ini/mei/final,mesmo arquivo
771,IpLogGenerator_0,unique/ini/mei/final,mesmo arquivo
836,Repository_1,unique/mei,mesmo arquivo
859,Repository_8,ini/mei,mesmo arquivo
859,FileRepository_0_rev_6,unique/final,mesmo arquivo
860,CommitCommand_5,ini/mei/final,mesmo arquivo
890,MutableObjectId_3,unique/ini,mesmo arquivo
915,ObjectDirectory_6,ini/mei/final,mesmo arquivo
922,MutableObjectId_0,ini/mei/final,mesmo arquivo
973,PackFile_1,unique/ini/mei/final,mesmo arquivo
987,BasePackPushConnection_4,unique/ini/mei/final,mesmo arquivo
987,BundleWriter_6,unique/ini/mei/final,mesmo arquivo
987,PackWriter_3,unique/ini/mei/final,mesmo arquivo
996,TreeWalk_2,unique/ini/mei/final,mesmo arquivo
996,DirCacheBuilder_0,unique/ini/mei/final,mesmo arquivo
1002,DirCacheBuilder_0,unique/ini/mei/final,mesmo arquivo
1004,CommitCommand_7,unique/ini/mei/final,arquivo diferente
1004,InfoRefsServlet_0,unique/ini/mei/final,mesmo arquivo
1004,CommitCommand_5,unique/ini/mei/final,mesmo arquivo
1004,FetchProcess_19,unique/ini/mei/final,mesmo arquivo
1004,BundleFetchConnection_18,unique/ini/mei/final,mesmo arquivo
1004,FetchProcess_20,unique/ini/mei/final,mesmo arquivo
1043,DirCacheEditor_0,unique/ini/mei/final,mesmo arquivo
1048,RenameDetector_17,unique/final,mesmo arquivo
1077,RevWalk_1,unique/final,mesmo arquivo
1077,RevWalk_0,unique/final,mesmo arquivo
1085,DiffFormatter_0,ini/mei,mesmo arquivo
1085,HunkHeader_3,ini/mei/final,mesmo arquivo
1101,UnpackedObject_6,unique/ini/mei/final,mesmo arquivo
1115,DeltaCache_1,unique/ini/mei/final,mesmo arquivo
1130,RenameDetector_4,ini/mei/final,mesmo arquivo
1140,HunkHeader_27,unique/ini/mei/final,mesmo arquivo
1147,AddCommand_1,mei/final,mesmo arquivo
1152,GitIndex_1,ini/mei,arquivo diferente
1156,AbstractTreeIteratorHandler_0,unique/ini,mesmo arquivo
1171,BundleWriter_138,unique/ini/mei/final,mesmo arquivo
1171,FetchProcess_139,unique/ini/mei/final,mesmo arquivo
1171,CommitCommand_26,unique/ini/mei/final,mesmo arquivo
1171,InfoRefsServlet_0,unique/ini/mei/final,mesmo arquivo
1171,TreeWalk_149,unique/ini/mei/final,mesmo arquivo
1171,ObjectDirectory_103,unique/ini/mei/final,mesmo arquivo
1171,FetchProcess_140,unique/ini/mei/final,mesmo arquivo
1171,CommitCommand_27,unique/ini/mei/final,mesmo arquivo
1171,UploadPack_144,unique/ini/mei/final,mesmo arquivo
1171,BundleFetchConnection_136,unique/ini/mei/final,mesmo arquivo
1180,TreeWalk_0,unique/ini/mei/final,mesmo arquivo
1188,PackWriter_5,ini/mei/final,mesmo arquivo
1248,PackWriter_8,unique/ini/mei/final,mesmo arquivo
1320,PackWriter_3,mei,mesmo arquivo
1320,PackWriter_6,mei/final,mesmo arquivo
1324,PersonIdent_2,unique/ini,mesmo arquivo
1324,Tag_3,unique/mei,mesmo arquivo
1371,DiffEntry_0,unique/ini/mei/final,mesmo arquivo
1387,GitIndex_10,unique/ini/mei/final,mesmo arquivo
1387,Tree_12,unique/ini/mei/final,arquivo diferente
1389,AbstractFetchCommand_0,unique/ini/mei/final,mesmo arquivo
1389,Branch_2,unique/ini/mei/final,mesmo arquivo
1486,DiffFormatter_0,unique/ini/mei/final,mesmo arquivo
1545,ReceivePack_1,unique/ini/mei/final,mesmo arquivo
1629,ResolveMerger_1,mei/final,mesmo arquivo
1629,ResolveMerger_2,mei/final,mesmo arquivo
1639,PatienceDiff_2,ini/mei/final,mesmo arquivo
1644,HistogramDiff_3,ini/mei/final,arquivo diferente
1662,HistogramDiff_0,ini/mei/final,arquivo diferente
1662,PatienceDiff_4,unique/ini,arquivo diferente
1690,URIish_3,mei/final,mesmo arquivo
1703,URIish_1,ini/mei/final,mesmo arquivo
1703,URIish_2,ini/mei/final,mesmo arquivo
1719,PatienceDiffIndex_0,unique/ini/mei/final,mesmo arquivo
1727,DeleteBranchCommand_1,ini/mei/final,arquivo diferente
1747,PullCommand_2,ini/mei,mesmo arquivo
1747,PullCommand_1,unique/ini,mesmo arquivo
1747,PullCommand_1_rev_1,unique/mei,mesmo arquivo
1747,PullCommand_2_rev_2,mei/final,mesmo arquivo
1779,IndexDiff_0,unique/ini,mesmo arquivo
1874,URIish_2,unique/ini/mei/final,mesmo arquivo
1899,DirCacheCheckout_0,unique/ini/mei/final,mesmo arquivo
1901,Base64_3,unique/ini/mei/final,mesmo arquivo
1948,StringUtils_2,mei/final,mesmo arquivo
2049,LockFile_0,unique/ini/mei/final,mesmo arquivo
2095,RebaseCommand_2,unique/ini/mei/final,mesmo arquivo
2109,WorkingTreeIterator_1,unique/ini,mesmo arquivo
2109,WorkingTreeIterator_1_rev_1,unique/final,mesmo arquivo
2172,IndexPack_2,unique/mei,mesmo arquivo
2172,IndexPack_3,unique/mei,mesmo arquivo
2172,IndexPack_1,unique/mei,mesmo arquivo
2177,FileRepository_2,unique/ini,mesmo arquivo
2177,FileRepository_3,mei/final,mesmo arquivo
2177,FileRepository_2_rev_1,mei/final,mesmo arquivo
2205,PackFile_5,unique/mei,mesmo arquivo
2205,PackFile_5_rev_2,unique/mei,mesmo arquivo
2252,PackParser_12,unique/ini,arquivo diferente
2252,PackParser_10,unique/ini,arquivo diferente
2252,PackParser_11,unique/ini,arquivo diferente
2293,PackParser_0,ini/mei/final,mesmo arquivo
2342,DirCacheCheckout_0,unique/ini/mei/final,mesmo arquivo
2343,DirCacheCheckout_1,ini/mei/final,mesmo arquivo
2365,PullCommand_2,ini/mei/final,mesmo arquivo
2365,PullCommand_4,ini/mei/final,mesmo arquivo
2365,PullCommand_3,ini/mei/final,mesmo arquivo
2371,PullCommand_0,unique/final,arquivo diferente
2376,PullCommand_0,unique/ini/mei/final,mesmo arquivo
2382,PackParser_1,unique/ini/mei/final,mesmo arquivo
2410,InfoRefsServlet_0,unique/ini/mei/final,mesmo arquivo
2410,InfoRefsServlet_1,unique/ini/mei/final,mesmo arquivo
2511,ReceivePackServlet_0,unique/ini/mei/final,arquivo diferente
2643,JschSession_0,unique/ini/mei/final,mesmo arquivo
2644,JschSession_0,unique/ini/mei/final,mesmo arquivo
2649,PackFile_0,unique/ini/mei/final,mesmo arquivo
2666,FetchCommand_1,ini/mei/final,ambos
2698,PackWriter_0,ini/mei/final,mesmo arquivo
2722,CredentialsProviderUserInfo_0,ini/mei,mesmo arquivo
2746,UploadPack_5_rev_1,mei/final,mesmo arquivo
2773,PackFile_0,unique/ini/mei/final,mesmo arquivo
2782,PackWriter_2,ini/mei/final,mesmo arquivo
2782,PackWriter_1,ini/mei/final,mesmo arquivo
2968,CloneCommand_0,unique/ini/mei/final,arquivo diferente
2996,Repository_3,ini/mei/final,mesmo arquivo
3336,RebaseCommand_3,unique/mei,mesmo arquivo
3409,ResolveMerger_1,ini/mei/final,mesmo arquivo
3467,URIish_0,ini/mei/final,mesmo arquivo
3486,DiffFormatter_1,mei/final,mesmo arquivo
3550,MemRepositoryIndexTable_1,unique/ini/mei/final,mesmo arquivo
3550,CacheRepositoryIndexTable_0,unique/ini/mei/final,mesmo arquivo
3553,CleanCommand_0,ini/mei,mesmo arquivo
3554,CleanCommand_0,unique/ini/mei/final,mesmo arquivo
3592,MemRepositoryIndexTable_1,unique/ini/mei/final,mesmo arquivo
3592,CacheRepositoryIndexTable_0,unique/ini/mei/final,mesmo arquivo
3593,MemRepositoryIndexTable_1,ini/mei/final,mesmo arquivo
3593,CacheRepositoryIndexTable_0,ini/mei/final,mesmo arquivo
3778,ObjectDirectoryInserter_2,unique/ini/mei/final,mesmo arquivo
3809,DirCacheCheckout_1,unique/ini,mesmo arquivo
3809,DirCacheCheckout_2,ini/mei,mesmo arquivo
3809,DirCacheCheckout_3,ini/mei/final,mesmo arquivo
3809,DirCacheCheckout_4,ini/mei/final,ambos
3809,ResolveMerger_7,mei/final,mesmo arquivo
3809,DirCacheCheckout_3_rev_3,mei/final,mesmo arquivo
3860,NoteMapMerger_2,ini/mei/final,mesmo arquivo
3949,RebaseResult_3,ini/mei/final,arquivo diferente
3949,RebaseResult_5,ini/mei/final,arquivo diferente
3949,RebaseResult_4,ini/mei/final,arquivo diferente
3977,PackWriter_0,unique/ini/mei/final,mesmo arquivo
3977,PackWriter_1,unique/ini/mei/final,mesmo arquivo
3997,PackWriter_8,unique/mei,mesmo arquivo
3997,PackWriter_7,unique/mei,mesmo arquivo
4133,DirCacheCheckout_0,unique/ini/mei/final,mesmo arquivo
4177,MergeCommand_1,mei/final,mesmo arquivo
4178,CheckoutConflictException_0,unique/mei,mesmo arquivo
4192,DirCacheCheckout_0,ini/mei/final,mesmo arquivo
4332,GitServlet_1,unique/ini/mei/final,arquivo diferente
4366,ResolveMerger_1,ini/mei,mesmo arquivo
4366,ResolveMerger_0,ini/mei/final,mesmo arquivo
4366,ResolveMerger_1_rev_2,unique/final,mesmo arquivo
4384,RelativeDateFormatter_0,unique/ini/mei/final,mesmo arquivo
4573,DfsBlockCache_2,unique/ini/mei/final,mesmo arquivo
4573,DfsBlockCache_1,unique/ini/mei/final,mesmo arquivo
4630,DfsReader_0,ini/mei/final,mesmo arquivo
4661,RevertCommand_0,unique/ini/mei/final,arquivo diferente
4715,UploadPackServlet_1,unique/ini/mei/final,ambos
4715,ReceivePackServlet_0,unique/ini/mei/final,arquivo diferente
4719,PlotCommitList_0,unique/ini/mei/final,mesmo arquivo
4719,PlotCommitList_1,unique/ini/mei/final,mesmo arquivo
4721,OpenSshConfig_5,unique/ini,mesmo arquivo
4721,OpenSshConfig_2,unique/ini,ambos
4721,OpenSshConfig_4,unique/ini,mesmo arquivo
4721,OpenSshConfig_6,unique/ini,mesmo arquivo
4735,PlotCommitList_0,unique/ini/mei/final,mesmo arquivo
4735,PlotCommitList_1,unique/ini/mei/final,mesmo arquivo
4869,CheckoutCommand_0,unique/ini,mesmo arquivo
4869,CheckoutCommand_0_rev_1,unique/final,mesmo arquivo
4889,SubmoduleWalk_3,mei,mesmo arquivo
4932,LsRemoteCommand_0,unique/ini,mesmo arquivo
4932,LsRemoteCommand_0_rev_1,mei/final,mesmo arquivo
4995,Merge_0,mei,mesmo arquivo
4995,CommitCommand_5,mei/final,mesmo arquivo
5029,SubmoduleWalk_2,unique/ini,mesmo arquivo
5055,GC_2,unique/ini,mesmo arquivo
5081,ReceiveCommand_1,ini/mei,arquivo diferente
5081,ReceiveCommand_0,ini/mei,arquivo diferente
5081,ReceiveCommand_1_rev_4,mei/final,arquivo diferente
5081,ReceiveCommand_1_rev_5,mei/final,arquivo diferente
5084,ReceivePack_3,unique/ini,mesmo arquivo
5084,ReceivePack_4,ini/mei/final,arquivo diferente
5254,ReceivePack_2,unique/ini,mesmo arquivo
5322,CheckoutCommand_1,ini/mei,mesmo arquivo
5322,CheckoutCommand_0,unique/ini,mesmo arquivo
5322,CheckoutCommand_0_rev_1,unique/mei,mesmo arquivo
5322,CheckoutCommand_0_rev_2,mei,mesmo arquivo
5322,CheckoutCommand_0_rev_6,unique/final,mesmo arquivo
5373,RebaseResult_1,apa/des/apa,arquivo diferente
5413,DirCache_0,unique/ini,mesmo arquivo
5413,DirCache_1,mei/final,mesmo arquivo
5862,Daemon_0,unique/ini/mei/final,mesmo arquivo
6005,MergeCommand_5,unique/mei,mesmo arquivo
6084,BaseReceivePack_0,unique/ini/mei/final,mesmo arquivo
6343,SubmoduleUpdateCommand_4,ini/mei/final,mesmo arquivo
6360,TransportHttp_2,unique/ini/mei/final,mesmo arquivo
6360,Transport_0,unique/ini/mei/final,mesmo arquivo
6361,TransportHttp_0,ini/mei/final,mesmo arquivo
6361,TransportHttp_1,ini/mei/final,mesmo arquivo
6502,SubmoduleWalk_0,mei/final,mesmo arquivo
6505,SubmoduleWalk_0,unique/ini/mei/final,mesmo arquivo
6544,TransportHttp_0,unique/ini,mesmo arquivo
6591,GitSmartHttpTools_5,mei/final,mesmo arquivo
7115,SystemReader_0,unique/final,arquivo diferente
7117,SystemReader_0,unique/final,mesmo arquivo
7259,DirCacheCheckout_1,ini/mei/final,mesmo arquivo
7423,GC_0,unique/ini/mei/final,mesmo arquivo
7569,Repository_2,unique/final,mesmo arquivo
7569,Repository_1,unique/final,mesmo arquivo
7631,ShowRef_4,ini/mei/final,ambos
7631,Blame_0,ini/mei/final,mesmo arquivo
7631,LsRemote_2,unique/ini,arquivo diferente
7631,ShowDirCache_5,ini/mei/final,mesmo arquivo
7723,ResolveMerger_0,unique/ini,mesmo arquivo
7723,ResolveMerger_0_rev_1,unique/final,mesmo arquivo
7939,NB_21,ini/mei/final,mesmo arquivo
7939,PackBitmapIndexV1_7,unique/mei,arquivo diferente
8113,ResolveMerger_1,unique/mei,mesmo arquivo
8113,ResolveMerger_2,mei,mesmo arquivo
8113,MergeCommand_0,mei,mesmo arquivo
8113,ResolveMerger_1_rev_2,mei/final,mesmo arquivo
8354,Repository_0,ini/mei,mesmo arquivo
8354,Repository_0_rev_2,mei/final,mesmo arquivo
8354,Repository_1,mei/final,mesmo arquivo
8632,Tag_1,ini/mei/final,arquivo diferente
8851,TrackingRefUpdate_3,unique/ini,mesmo arquivo
8851,RemoteRefUpdate_2,ini/mei/final,mesmo arquivo
8851,PackConfig_0,unique/ini,mesmo arquivo
8851,AmazonS3_1,ini/mei/final,mesmo arquivo
8851,FileResolver_6,ini/mei/final,mesmo arquivo
8851,PackConfig_1,mei/final,mesmo arquivo
8851,WindowCacheConfig_0,mei/final,mesmo arquivo
9379,DirCacheCheckout_3,ini/mei,mesmo arquivo
9389,RevertCommand_0,unique/ini/mei/final,arquivo diferente
9408,CommitCommand_0,ini/mei/final,mesmo arquivo
9607,PathFilterGroup_3,ini/mei,mesmo arquivo
9607,PathFilterGroup_4,mei/final,mesmo arquivo
9877,StashApplyCommand_6,ini/mei/final,arquivo diferente
9877,StashApplyCommand_4,ini/mei/final,ambos
11127,NameRevCommand_2,ini/mei/final,mesmo arquivo
11296,GarbageCollectCommand_0,ini/mei,mesmo arquivo
11296,GarbageCollectCommand_0_rev_2,mei/final,mesmo arquivo
11321,DirCacheCheckout_0,mei/final,mesmo arquivo
11757,StashCreateCommand_2,ini/mei/final,mesmo arquivo
11962,DfsPackCompactor_2,unique/ini/mei/final,mesmo arquivo
12501,ResolveMerger_0,ini/mei,mesmo arquivo
12501,ResolveMerger_0_rev_5,mei/final,mesmo arquivo
12672,GC_0,unique/ini,mesmo arquivo
12672,GC_1,unique/final,mesmo arquivo
12672,GC_0_rev_1,unique/final,mesmo arquivo
12701,CommitCommand_2,mei/final,mesmo arquivo
12701,CommitCommand_3,mei/final,arquivo diferente
12701,CommitCommand_1,unique/mei,mesmo arquivo
12701,CommitCommand_1_rev_2,mei/final,mesmo arquivo
13333,GC_11,unique/ini/mei/final,mesmo arquivo
13333,CommitCommand_7,unique/ini/mei/final,mesmo arquivo
13333,GC_12,unique/ini/mei/final,mesmo arquivo
13333,CommitCommand_8,unique/ini/mei/final,mesmo arquivo
13333,CommitCommand_9,unique/ini/mei/final,arquivo diferente
14002,UploadPack_2,ini/mei/final,mesmo arquivo
14725,TransportBundleFile_1,ini/mei/final,mesmo arquivo
14898,UploadPack_0,ini/mei,mesmo arquivo
14898,UploadPack_0_rev_3,unique/final,mesmo arquivo
15123,HttpSupport_4,ini/mei/final,mesmo arquivo
15364,ResetCommand_3,mei/final,mesmo arquivo
17643,RebaseResult_0,ini/mei/final,arquivo diferente
18970,ResolveMerger_0,ini/mei,mesmo arquivo
18970,ResolveMerger_1,mei/final,mesmo arquivo
18970,ResolveMerger_0_rev_2,mei/final,mesmo arquivo
18977,RebaseResult_1,ini/mei/final,arquivo diferente
19349,RebaseResult_30,unique/ini/mei/final,arquivo diferente
19586,RebaseCommand_1,unique/ini/mei/final,mesmo arquivo
19762,RebaseCommand_11,unique/ini/mei/final,mesmo arquivo
21181,TextBuiltin_1,mei/final,mesmo arquivo
22026,DiffFormatter_0,unique/ini/mei/final,mesmo arquivo
22059,DiffFormatter_0,ini/mei,mesmo arquivo
22059,DiffFormatter_1,mei/final,mesmo arquivo
22090,HttpSupport_6,ini/mei/final,mesmo arquivo
22160,DirCacheCheckout_1,mei,mesmo arquivo
22441,Clone_0,ini/mei/final,mesmo arquivo
23200,DefaultNoteMerger_0,ini/mei/final,mesmo arquivo
23230,DirCacheCheckout_0,unique/ini,mesmo arquivo
23438,DirCacheCheckout_0,unique/ini/mei/final,mesmo arquivo
23847,DefaultNoteMerger_0,unique/ini/mei/final,mesmo arquivo
24680,RepoCommand_1,mei/final,mesmo arquivo
26212,StashCreateCommand_5,ini/mei/final,mesmo arquivo
27143,LsRemoteCommand_0,unique/ini,mesmo arquivo
27143,LsRemoteCommand_0_rev_1,unique/mei,mesmo arquivo
27143,LsRemoteCommand_0_rev_2,unique/mei,mesmo arquivo
27324,RepositoryBuilder_0,unique/final,arquivo diferente
27621,Repository_3,ini/mei,mesmo arquivo
27621,CherryPickCommand_2,ini/mei/final,mesmo arquivo
28080,RepoCommand_0,unique/ini,arquivo diferente
28080,RepoCommand_0_rev_1,mei/final,mesmo arquivo
30326,DirCacheCheckout_1,mei/final,mesmo arquivo
31336,ResolveMerger_1,unique/ini/mei/final,mesmo arquivo
31604,PackParser_3,ini/mei,mesmo arquivo
31604,PackParser_3_rev_2,mei/final,mesmo arquivo
32444,RepoCommand_0,unique/ini/mei/final,mesmo arquivo
32883,PackWriter_0,unique/ini/mei/final,mesmo arquivo
35079,RevWalk_0,unique/ini,mesmo arquivo
35665,WorkingTreeIterator_9,ini/mei,mesmo arquivo
35665,WorkingTreeIterator_11,unique/final,mesmo arquivo
35815,RebaseCommand_1,unique/ini,arquivo diferente
35815,RebaseCommand_0,unique/ini,arquivo diferente
35815,RebaseCommand_0_rev_1,mei,arquivo diferente
36097,ReceivePack_1,ini/mei,mesmo arquivo
36097,ReceivePack_2,ini/mei,mesmo arquivo
36191,IndexDiff_0,ini/mei/final,mesmo arquivo
36890,LsRemote_1,unique/ini/mei/final,arquivo diferente
36962,TransferConfig_1,unique/ini/mei/final,arquivo diferente
36964,BaseReceivePack_1,ini/mei/final,mesmo arquivo
37216,DirCacheCheckout_1,unique/ini/mei/final,mesmo arquivo
37216,DirCacheCheckout_0,unique/ini/mei/final,mesmo arquivo
37382,LsRemote_1,unique/ini,arquivo diferente
37382,LsRemote_2,unique/final,arquivo diferente
37981,CloneCommand_3,mei/final,arquivo diferente
38076,IndexDiff_5,ini/mei/final,mesmo arquivo
38575,IndexDiff_24,unique/ini/mei/final,mesmo arquivo
38748,LsRemote_5,unique/ini/mei/final,arquivo diferente
40463,RevWalk_2,ini/mei/final,arquivo diferente
40463,SubmoduleWalk_3,ini/mei/final,arquivo diferente
40463,PackWriter_1,unique/ini,arquivo diferente
40463,TreeWalk_4,unique/ini,arquivo diferente
40463,BlameGenerator_0,mei/final,arquivo diferente
41279,Status_15,ini/mei/final,mesmo arquivo
44949,DfsGarbageCollector_2,unique/ini/mei/final,arquivo diferente
45093,BaseReceivePack_0,unique/ini/mei/final,mesmo arquivo
45093,BaseReceivePack_3,unique/ini/mei/final,mesmo arquivo
45093,BaseReceivePack_2,unique/ini/mei/final,mesmo arquivo
45093,BaseReceivePack_4,unique/ini/mei/final,mesmo arquivo
45093,BaseReceivePack_1,unique/ini/mei/final,mesmo arquivo
45189,CommitCommand_4,ini/mei/final,mesmo arquivo
45189,CommitCommand_2,ini/mei/final,mesmo arquivo
45189,CommitCommand_3,ini/mei/final,mesmo arquivo
45189,CommitCommand_0,unique/ini,mesmo arquivo
45189,CommitCommand_5,ini/mei/final,mesmo arquivo
45189,CommitCommand_1,ini/mei/final,arquivo diferente
45189,CommitCommand_0_rev_1,mei/final,mesmo arquivo
45703,IndexDiff_12,ini/mei/final,mesmo arquivo
45703,RebaseCommand_4,ini/mei/final,mesmo arquivo
45703,RebaseCommand_6,ini/mei/final,mesmo arquivo
45703,IndexDiff_13,ini/mei/final,mesmo arquivo
45703,RebaseCommand_5,ini/mei/final,mesmo arquivo
45703,IndexDiff_9,ini/mei/final,mesmo arquivo
45703,DeleteBranchCommand_0,ini/mei/final,mesmo arquivo
45703,RebaseCommand_3,ini/mei/final,mesmo arquivo
45703,RebaseCommand_2,ini/mei/final,mesmo arquivo
45703,IndexDiff_11,ini/mei/final,mesmo arquivo
45703,IndexDiff_10,ini/mei/final,mesmo arquivo
46261,TransportHttp_2,ini/mei,mesmo arquivo
46469,GC_0,ini/mei,mesmo arquivo
46469,GC_0_rev_4,mei/final,mesmo arquivo
47092,CommitCommand_10,unique/ini/mei/final,mesmo arquivo
47092,CommitCommand_15,unique/ini/mei/final,mesmo arquivo
47092,BaseReceivePack_33,unique/ini/mei/final,mesmo arquivo
47092,BaseReceivePack_32,unique/ini/mei/final,mesmo arquivo
47092,CommitCommand_13,unique/ini/mei/final,mesmo arquivo
47092,BaseReceivePack_30,unique/ini/mei/final,mesmo arquivo
47092,CommitCommand_14,unique/ini/mei/final,mesmo arquivo
47092,BaseReceivePack_31,unique/ini/mei/final,mesmo arquivo
47092,CommitCommand_12,unique/ini/mei/final,mesmo arquivo
47092,BaseReceivePack_29,unique/ini/mei/final,mesmo arquivo
47092,CommitCommand_11,unique/ini/mei/final,arquivo diferente
48140,FS_0,ini/mei/final,arquivo diferente
48326,RebuildCommitGraph_2,ini/mei,mesmo arquivo
48326,RebuildCommitGraph_3,ini/mei/final,mesmo arquivo
48326,RebuildCommitGraph_2_rev_3,unique/final,mesmo arquivo
48416,RepoCommand_4,unique/ini,mesmo arquivo
48611,IndexDiff_35,unique/ini/mei/final,mesmo arquivo
48611,RebaseCommand_24,unique/ini/mei/final,mesmo arquivo
48611,IndexDiff_38,unique/ini/mei/final,mesmo arquivo
48611,IndexDiff_37,unique/ini/mei/final,mesmo arquivo
48611,RebuildCommitGraph_2,unique/ini/mei/final,mesmo arquivo
48611,RebaseCommand_26,unique/ini/mei/final,mesmo arquivo
48611,RebuildCommitGraph_3,unique/ini/mei/final,mesmo arquivo
48611,FS_46,unique/ini/mei/final,arquivo diferente
48611,RebaseCommand_27,unique/ini/mei/final,mesmo arquivo
48611,IndexDiff_34,unique/ini/mei/final,mesmo arquivo
48611,RebaseCommand_23,unique/ini/mei/final,mesmo arquivo
48611,RepoCommand_32,unique/ini/mei/final,mesmo arquivo
48611,IndexDiff_36,unique/ini/mei/final,mesmo arquivo
48611,DeleteBranchCommand_21,unique/ini/mei/final,mesmo arquivo
48611,RebaseCommand_25,unique/ini/mei/final,mesmo arquivo
48823,ArchiveCommand_0,unique/ini/mei/final,mesmo arquivo
49570,RefDatabase_0,mei/final,arquivo diferente
49571,RefDirectory_0,ini/mei/final,mesmo arquivo
50372,TemporaryBuffer_5,mei/final,mesmo arquivo
51127,PushCertificateParser_4,mei/final,mesmo arquivo
51209,BaseReceivePack_1,unique/ini,mesmo arquivo
51209,BaseReceivePack_0_rev_1,unique/mei,mesmo arquivo
51209,BaseReceivePack_1_rev_1,unique/mei,mesmo arquivo
51630,PushCertificateParser_0,unique/ini,mesmo arquivo
51630,PushCertificateParser_0_rev_1,mei/final,mesmo arquivo
51874,PushCertificateStore_1,ini/mei,mesmo arquivo
51890,FastIgnoreRule_2,ini/mei/final,mesmo arquivo
52176,RawParseUtils_13,ini/mei/final,mesmo arquivo
52486,Main_0,ini/mei/final,mesmo arquivo
52575,PackFile_1,unique/final,ambos
52575,DfsPackFile_0,unique/final,ambos
53052,RevertCommand_8,unique/ini/mei/final,mesmo arquivo
53052,Tag_6,unique/ini/mei/final,mesmo arquivo
53831,FileUtil_0,unique/ini/mei/final,arquivo diferente
56437,Strings_1,ini/mei,mesmo arquivo
57155,Commit_4,unique/ini/mei/final,mesmo arquivo
57155,Describe_6,unique/ini/mei/final,mesmo arquivo
57155,Push_9,unique/ini/mei/final,mesmo arquivo
57155,Checkout_3,unique/ini/mei/final,mesmo arquivo
57155,Branch_1,unique/ini/mei/final,mesmo arquivo
57155,Reflog_10,unique/ini/mei/final,mesmo arquivo
57155,Status_13,unique/ini/mei/final,mesmo arquivo
57155,Branch_2,unique/ini/mei/final,mesmo arquivo
57162,Show_5,unique/ini/mei/final,mesmo arquivo
57255,Commit_4,unique/ini/mei/final,mesmo arquivo
57255,Describe_6,unique/ini/mei/final,mesmo arquivo
57255,Tag_20,unique/ini/mei/final,mesmo arquivo
57255,Checkout_3,unique/ini/mei/final,mesmo arquivo
57255,Branch_1,unique/ini/mei/final,mesmo arquivo
57255,Push_14,unique/ini/mei/final,mesmo arquivo
57255,Reflog_15,unique/ini/mei/final,mesmo arquivo
57255,Show_18,unique/ini/mei/final,mesmo arquivo
57255,Branch_2,unique/ini/mei/final,mesmo arquivo
57255,Status_19,unique/ini/mei/final,mesmo arquivo
59012,FS_0,ini/mei/final,mesmo arquivo
59345,AttributesRule_11,ini/mei/final,mesmo arquivo
59630,PackWriterBitmapWalker_1,unique/final,mesmo arquivo
60601,AttributesRule_1,ini/mei/final,mesmo arquivo
60617,TreeWalk_5,ini/mei,mesmo arquivo
60617,TreeWalk_4,ini/mei,mesmo arquivo
61509,RefWriter_2,unique/ini,mesmo arquivo
61509,RefWriter_1,unique/ini,mesmo arquivo
61509,InMemoryRepository_2,mei/final,mesmo arquivo
61509,BaseReceivePack_6,mei/final,mesmo arquivo
61509,BaseReceivePack_5,mei/final,mesmo arquivo
61841,InMemoryRepository_3,ini/mei/final,mesmo arquivo
61841,InMemoryRepository_5,ini/mei/final,mesmo arquivo
62207,CredentialsProvider_0,unique/ini/mei/final,arquivo diferente
62670,InMemoryRepository_43,unique/ini/mei/final,mesmo arquivo
62670,InMemoryRepository_45,unique/ini/mei/final,mesmo arquivo
62670,AttributesRule_32,unique/ini/mei/final,mesmo arquivo
62670,TemporaryBuffer_67,unique/ini/mei/final,mesmo arquivo
62739,AmazonS3Repository_2,ini/mei/final,arquivo diferente
63363,ObjectChecker_10,ini/mei/final,mesmo arquivo
63371,ObjectChecker_4,unique/ini,mesmo arquivo
63371,ObjectChecker_12,unique/mei,mesmo arquivo
63371,ObjectChecker_17,mei/final,mesmo arquivo
63913,ObjectChecker_2,unique/mei,mesmo arquivo
64166,DfsGarbageCollector_0,ini/mei,mesmo arquivo
64280,GitCommand_0,unique/ini,arquivo diferente
64280,MergeCommand_0,mei/final,arquivo diferente
64415,DfsGarbageCollector_1,ini/mei/final,arquivo diferente
64605,LsRemoteCommand_2,ini/mei/final,mesmo arquivo
64605,FetchCommand_2,mei/final,mesmo arquivo
64898,RefTreeNames_105,unique/ini/mei/final,arquivo diferente
64898,Command_101,unique/ini/mei/final,arquivo diferente
64898,TransferConfig_139,unique/ini/mei/final,arquivo diferente
64898,TransferConfig_137,unique/ini/mei/final,arquivo diferente
64898,CorruptObjectException_89,unique/ini/mei/final,arquivo diferente
64898,RefDirectoryRename_100,unique/ini/mei/final,arquivo diferente
64898,DirCacheEntry_88,unique/ini/mei/final,arquivo diferente
64898,TransferConfig_138,unique/ini/mei/final,arquivo diferente
64901,MergeCommand_0,unique/ini/mei/final,arquivo diferente
67873,BaseRepositoryBuilder_1,mei/final,mesmo arquivo
68708,FileRepository_1,unique/ini/mei/final,arquivo diferente
68709,FileRepository_1,unique/ini/mei/final,arquivo diferente
70796,ApplyCommand_1,unique/ini/mei/final,mesmo arquivo
70797,ApplyCommand_1,unique/ini,mesmo arquivo
70797,ApplyCommand_1_rev_1,unique/final,mesmo arquivo
70819,ApplyCommand_1,unique/ini/mei/final,mesmo arquivo
71402,DirCacheCheckout_1,unique/ini/mei/final,arquivo diferente
71402,DirCacheCheckout_0,unique/ini/mei/final,mesmo arquivo
71405,DirCacheCheckout_3,unique/ini/mei/final,mesmo arquivo
71405,DirCacheCheckout_4,unique/ini/mei/final,arquivo diferente
71983,DirCacheCheckout_1,unique/ini,mesmo arquivo
71983,DirCacheCheckout_1_rev_1,mei,mesmo arquivo
71983,DirCacheCheckout_1_rev_4,unique/mei,mesmo arquivo
71983,DirCacheCheckout_1_rev_5,unique/mei,mesmo arquivo
72112,ApplyCommand_2,ini/mei/final,mesmo arquivo
73491,ApplyCommand_5,unique/ini/mei/final,mesmo arquivo
74775,RepositoryCache_1,unique/ini,mesmo arquivo
74775,RepositoryCache_2,unique/final,mesmo arquivo
74775,RepositoryCache_1_rev_1,unique/final,mesmo arquivo
75443,DirCacheCheckout_2,mei/final,mesmo arquivo
76175,DirCacheCheckout_9,unique/ini/mei/final,mesmo arquivo
77362,ResetCommand_2,ini/mei/final,mesmo arquivo
77738,RefSpec_1,unique/mei,mesmo arquivo
77738,RefSpec_2,unique/mei,mesmo arquivo
77738,RefSpec_1_rev_2,unique/mei,mesmo arquivo
77738,RefSpec_2_rev_2,mei,mesmo arquivo
77738,RefSpec_1_rev_3,unique/mei,mesmo arquivo
77738,RefSpec_1_rev_4,mei,mesmo arquivo
77738,RefSpec_2_rev_4,mei,mesmo arquivo
77738,RefSpec_1_rev_7,mei/final,mesmo arquivo
77738,RefSpec_2_rev_7,mei/final,mesmo arquivo
77757,FileLfsServlet_3,ini/mei/final,arquivo diferente
78359,Base85_2,unique/ini/mei/final,mesmo arquivo
78359,Base85_1,unique/ini/mei/final,mesmo arquivo
78588,LfsProtocolServlet_0,ini/mei/final,mesmo arquivo
79327,Tag_1,ini/mei/final,mesmo arquivo
79417,RefDirectory_0,unique/mei,arquivo diferente
80554,BaseReceivePack_0,unique/ini/mei/final,mesmo arquivo
82303,WalkFetchConnection_0,ini/mei/final,arquivo diferente
83556,ManifestParser_1,ini/mei/final,mesmo arquivo
83556,RepoCommand_3,ini/mei/final,mesmo arquivo
83556,ManifestParser_0,ini/mei/final,mesmo arquivo
85097,ManifestParser_2,mei,mesmo arquivo
85097,ManifestParser_1,unique/mei,mesmo arquivo
85097,ManifestParser_1_rev_3,mei/final,mesmo arquivo
85106,MockSystemReader_0,unique/mei,arquivo diferente
87384,PackWriter_0,unique/ini/mei/final,mesmo arquivo
89823,GC_0,unique/ini/mei/final,mesmo arquivo
90222,GC_0,unique/ini/mei/final,mesmo arquivo
90688,DfsObjectRepresentation_0,unique/ini/mei/final,arquivo diferente
91432,TreeWalk_1,ini/mei/final,mesmo arquivo
92670,FetchCommand_1,ini/mei/final,mesmo arquivo
92833,RevCommit_6,mei/final,mesmo arquivo
93047,PullCommand_1,ini/mei/final,mesmo arquivo
93663,DiffAlgorithm_2,ini/mei,mesmo arquivo
93776,Fetch_1,unique/final,arquivo diferente
94109,PackWriterBitmapWalker_0,apa/des/apa,mesmo arquivo
94264,TarFormat_0,unique/ini/mei/final,arquivo diferente
98396,Fetch_1,ini/mei/final,arquivo diferente
98740,PackParser_0,unique/mei,mesmo arquivo
98740,PackParser_1,unique/mei,mesmo arquivo
98740,PackParser_0_rev_2,unique/mei,mesmo arquivo
98740,PackParser_0_rev_3,unique/final,mesmo arquivo
98740,PackParser_1_rev_2,unique/final,mesmo arquivo
99074,Fetch_1,unique/ini/mei/final,arquivo diferente
99262,PullCommand_0,mei/final,arquivo diferente
99707,PackParser_7,mei/final,mesmo arquivo
99874,MergeAlgorithm_3,unique/ini,mesmo arquivo
99874,MergeAlgorithm_3_rev_1,unique/mei,mesmo arquivo
100932,BatchRefUpdate_1,mei,arquivo diferente
101584,PackedBatchRefUpdate_1,unique/final,mesmo arquivo
101772,IntList_1,ini/mei/final,arquivo diferente
102031,PackedBatchRefUpdate_2,ini/mei/final,mesmo arquivo
102162,RefDirectory_4,ini/mei/final,mesmo arquivo
102162,RefDirectory_1,ini/mei/final,mesmo arquivo
102162,RefDirectory_2,ini/mei/final,mesmo arquivo
102393,NB_1,ini/mei/final,mesmo arquivo
102608,DfsPackCompactor_3,ini/mei/final,mesmo arquivo
103054,RemoteConfig_1,ini/mei/final,mesmo arquivo
103721,UploadPack_0,unique/final,mesmo arquivo
104222,TransportHttp_3,ini/mei/final,mesmo arquivo
104222,TransportHttp_6,ini/mei/final,mesmo arquivo
104222,TransportHttp_5,ini/mei/final,mesmo arquivo
104222,TransportHttp_7,ini/mei/final,mesmo arquivo
104245,WindowCache_0_rev_1,unique/final,mesmo arquivo
106246,UploadPack_0,mei/final,mesmo arquivo
110172,DirCacheCheckout_2,ini/mei,mesmo arquivo
110345,OpenSshConfig_0,unique/ini/mei/final,mesmo arquivo
110345,OpenSshConfig_1,unique/ini/mei/final,mesmo arquivo
110496,OpenSshConfig_0,unique/ini/mei/final,mesmo arquivo
110496,OpenSshConfig_1,unique/ini/mei/final,mesmo arquivo
110964,Repository_11,unique/ini,mesmo arquivo
111376,SmudgeFilter_3,mei,mesmo arquivo
111376,SmudgeFilter_3_rev_27,mei,mesmo arquivo
111671,TransportHttp_0,apa/des/apa,mesmo arquivo
111847,Config_0,ini/mei/final,mesmo arquivo
112067,DirCache_0,ini/mei/final,mesmo arquivo
112855,DirCacheCheckout_1,ini/mei,arquivo diferente
112855,DirCacheCheckout_2,ini/mei/final,arquivo diferente
112855,CheckoutCommand_0,ini/mei/final,arquivo diferente
112855,CherryPickCommand_1,unique/final,arquivo diferente
112855,ResetCommand_2,unique/final,arquivo diferente
112855,RevertCommand_3,unique/final,arquivo diferente
112855,DirCacheCheckout_4,unique/final,arquivo diferente
112863,Protocol_0,mei,arquivo diferente
113665,Config_5,unique/ini,mesmo arquivo
113665,Config_5_rev_1,unique/final,mesmo arquivo
114500,PackInserter_1,unique/ini/mei/final,mesmo arquivo
114509,PackInserter_1,unique/ini/mei/final,mesmo arquivo
114857,WalkFetchConnection_5,ini/mei/final,mesmo arquivo
114916,FetchCommand_0,unique/ini/mei/final,mesmo arquivo
114916,FetchCommand_1,unique/ini/mei/final,mesmo arquivo
115690,DescribeCommand_5,mei,mesmo arquivo
117317,RepoCommand_9,mei,mesmo arquivo
117317,RepoCommand_0,mei,mesmo arquivo
117317,RepoCommand_2,mei,mesmo arquivo
117317,RepoCommand_1,mei,mesmo arquivo
117317,RepoCommand_7,mei/final,mesmo arquivo
117317,RepoCommand_3,mei,mesmo arquivo
117317,RepoCommand_4,mei,mesmo arquivo
117317,RepoCommand_5_rev_4,mei,mesmo arquivo
117317,RepoCommand_0_rev_4,mei/final,mesmo arquivo
117317,RepoCommand_2_rev_4,mei,mesmo arquivo
117317,RepoCommand_1_rev_4,mei,mesmo arquivo
117317,RepoCommand_3_rev_4,unique/mei,mesmo arquivo
117317,RepoCommand_8_rev_4,unique/mei,mesmo arquivo
117317,RepoCommand_4_rev_4,unique/mei,mesmo arquivo
117317,RepoCommand_6,mei/final,mesmo arquivo
117317,RepoCommand_2_rev_6,unique/final,mesmo arquivo
117317,RepoCommand_3_rev_6,unique/final,mesmo arquivo
117386,RepoCommand_2,ini/mei/final,mesmo arquivo
117386,RepoCommand_1,ini/mei/final,mesmo arquivo
118232,RefDirectory_0,ini/mei/final,mesmo arquivo
118502,SmudgeFilter_2,ini/mei/final,mesmo arquivo
118626,TransportHttp_0,unique/ini/mei/final,mesmo arquivo
118659,AmazonS3Client_0,unique/ini/mei/final,mesmo arquivo
118713,RewriteGenerator_0,ini/mei/final,mesmo arquivo
118833,InfoRefsServlet_0,unique/ini/mei/final,mesmo arquivo
119286,WalkFetchConnection_30,mei/final,mesmo arquivo
119294,PackBitmapIndex_0,mei,ambos
119294,PackIndex_1,mei,ambos
119294,PackBitmapIndex_0_rev_5,unique/final,ambos
119315,PackParser_1,ini/mei/final,mesmo arquivo
119374,ShowPackDelta_0,ini/mei/final,mesmo arquivo
119456,ObjectIdSerializer_0,unique/ini,mesmo arquivo
119456,ObjectIdSerializer_0_rev_1,mei/final,mesmo arquivo
119461,ObjectIdSerializer_0,ini/mei/final,mesmo arquivo
119970,AbstractTreeIteratorHandler_0,ini/mei/final,mesmo arquivo
120007,UploadPack_1,unique/ini,mesmo arquivo
120007,UploadPack_1_rev_1,mei,mesmo arquivo
120973,FileBasedConfig_1,ini/mei/final,mesmo arquivo
120973,FileBasedConfig_2,mei/final,mesmo arquivo
121696,TransferConfig_0,unique/ini/mei/final,mesmo arquivo
121824,LargePackedWholeObject_0,ini/mei/final,mesmo arquivo
122145,UploadPack_0,ini/mei/final,mesmo arquivo
122148,UploadPack_2,ini/mei,mesmo arquivo
122148,UploadPack_2_rev_2,mei/final,mesmo arquivo
122394,FileBasedConfig_2,ini/mei/final,mesmo arquivo
122394,FileBasedConfig_1,unique/ini,mesmo arquivo
122394,FileBasedConfig_1_rev_1,mei/final,mesmo arquivo
122395,FileBasedConfig_2,unique/ini/mei/final,mesmo arquivo
122395,FileBasedConfig_1,unique/ini/mei/final,mesmo arquivo
122398,FileBasedConfig_2,unique/ini/mei/final,mesmo arquivo
122398,FileBasedConfig_1,unique/ini/mei/final,mesmo arquivo
122399,FileBasedConfig_2,unique/ini/mei/final,mesmo arquivo
122399,FileBasedConfig_1,unique/ini/mei/final,mesmo arquivo
122400,FileBasedConfig_2,unique/ini/mei/final,mesmo arquivo
122400,FileBasedConfig_1,unique/ini/mei/final,mesmo arquivo
122401,FileBasedConfig_2,unique/ini/mei/final,mesmo arquivo
122401,FileBasedConfig_1,unique/ini/mei/final,mesmo arquivo
122403,FileBasedConfig_2,unique/ini/mei/final,mesmo arquivo
122403,FileBasedConfig_1,unique/ini/mei/final,mesmo arquivo
122411,FileBasedConfig_2,unique/ini/mei/final,mesmo arquivo
122411,FileBasedConfig_1,unique/ini/mei/final,mesmo arquivo
122726,UploadPack_0,ini/mei/final,arquivo diferente
122977,UploadPack_3,mei/final,mesmo arquivo
123104,UploadPack_4,unique/ini/mei/final,arquivo diferente
123958,UploadPack_0,ini/mei/final,mesmo arquivo
123961,UploadPack_2,ini/mei/final,mesmo arquivo
123962,UploadPack_15,ini/mei/final,mesmo arquivo
124955,PackWriterBitmapPreparer_5,unique/ini,mesmo arquivo
124955,PackWriterBitmapPreparer_0,ini/mei/final,mesmo arquivo
124955,PackWriterBitmapPreparer_2,ini/mei/final,mesmo arquivo
124955,PackWriterBitmapPreparer_4,ini/mei/final,mesmo arquivo
124955,PackWriterBitmapPreparer_3,ini/mei/final,mesmo arquivo
124955,PackWriterBitmapPreparer_5_rev_1,mei/final,mesmo arquivo
125898,MergedReftable_1,ini/mei/final,mesmo arquivo
125898,DfsReftableDatabase_0,mei/final,mesmo arquivo
126297,HttpClientConnection_0,mei/final,mesmo arquivo
126454,BaseRepositoryBuilder_1,ini/mei/final,mesmo arquivo
126730,FileBasedConfig_0,ini/mei,ambos
127368,UploadPack_0,unique/ini/mei/final,mesmo arquivo
127722,ProtocolV2Parser_6,mei,mesmo arquivo
127722,ProtocolV2Parser_7_rev_12,mei/final,ambos
127722,ProtocolV2Parser_9,mei/final,mesmo arquivo
128399,ProtocolV2Parser_1,ini/mei,arquivo diferente
128399,ProtocolV2Parser_1_rev_3,mei,arquivo diferente
128399,ProtocolV2Parser_1_rev_9,unique/final,arquivo diferente
130190,TextBuiltin_1,ini/mei,mesmo arquivo
131681,RepoCommand_3,unique/mei,mesmo arquivo
131880,SshSessionFactory_2,ini/mei/final,arquivo diferente
132161,RevWalk_0,unique/ini,mesmo arquivo
132255,ReceivePack_1,ini/mei/final,mesmo arquivo
132255,ReceivePack_0,unique/ini,mesmo arquivo
132581,JGitSshConfig_5,ini/mei/final,mesmo arquivo
132970,HttpSupport_7,mei/final,arquivo diferente
133888,FileBasedConfig_2,ini/mei/final,mesmo arquivo
133888,FileBasedConfig_4,unique/ini,mesmo arquivo
133888,FileBasedConfig_4_rev_1,unique/final,mesmo arquivo
134172,UploadPack_0,unique/ini,arquivo diferente
134175,UploadPack_0,unique/ini,arquivo diferente
134218,DfsPackFile_3,ini/mei,mesmo arquivo
134218,DfsPackFile_2,ini/mei,arquivo diferente
134218,DfsPackFile_1,mei/final,mesmo arquivo
134218,DfsPackFile_2_rev_5,mei/final,mesmo arquivo
134459,UploadPack_0,ini/mei/final,mesmo arquivo
134680,CachingKeyPairProvider_0,ini/mei/final,arquivo diferente
135199,Blame_0,unique/ini,mesmo arquivo
135199,Blame_2,unique/ini,mesmo arquivo
135199,Blame_1,unique/ini,mesmo arquivo
135200,Branch_1,unique/ini,mesmo arquivo
135200,Branch_3,unique/ini,mesmo arquivo
135200,Branch_2,unique/ini,mesmo arquivo
135200,Branch_0,unique/ini,mesmo arquivo
135200,Branch_1_rev_1,unique/mei,mesmo arquivo
135203,DfsPackFile_4,unique/ini,mesmo arquivo
135203,DfsPackFile_5,unique/ini,mesmo arquivo
135360,DfsPackFile_1,ini/mei/final,mesmo arquivo
135360,DfsPackFile_2,ini/mei/final,mesmo arquivo
135360,DfsPackFile_0,ini/mei/final,mesmo arquivo
135436,Merge_1,ini/mei/final,mesmo arquivo
135436,Merge_0,ini/mei/final,mesmo arquivo
135436,Merge_2,ini/mei/final,mesmo arquivo
135452,IO_0,unique/ini/mei/final,mesmo arquivo
135509,RevParse_0,unique/ini/mei/final,mesmo arquivo
135521,Version_0,unique/ini/mei/final,arquivo diferente
137415,DfsPackFile_3,ini/mei/final,mesmo arquivo
137415,DfsPackFile_2,ini/mei/final,mesmo arquivo
137415,DfsPackFile_0,ini/mei/final,mesmo arquivo
137967,PullCommand_1,ini/mei/final,arquivo diferente
138003,MergeTools_12,mei/final,arquivo diferente
138003,MergeTools_14,mei/final,arquivo diferente
138042,Merge_17,unique/ini/mei/final,mesmo arquivo
138042,UploadPack_23,unique/ini/mei/final,mesmo arquivo
138042,IO_140,unique/ini/mei/final,mesmo arquivo
138042,DfsPackFile_108,unique/ini/mei/final,mesmo arquivo
138042,Merge_18,unique/ini/mei/final,mesmo arquivo
138042,Merge_15,unique/ini/mei/final,mesmo arquivo
138042,RevParse_21,unique/ini/mei/final,mesmo arquivo
138042,CachingKeyPairProvider_26,unique/ini/mei/final,arquivo diferente
138042,RefDatabase_124,unique/ini/mei/final,arquivo diferente
138042,DfsPackFile_109,unique/ini/mei/final,mesmo arquivo
138043,DfsPackFile_7,unique/ini/mei/final,mesmo arquivo
138043,DfsPackFile_3,unique/ini/mei/final,mesmo arquivo
138043,DfsPackFile_6,unique/ini/mei/final,mesmo arquivo
138043,DfsPackFile_2,unique/ini/mei/final,mesmo arquivo
138043,DfsPackFile_10,unique/ini/mei/final,mesmo arquivo
138145,Merge_7,unique/ini/mei/final,mesmo arquivo
138145,RevParse_13,unique/ini/mei/final,mesmo arquivo
138145,Merge_9,unique/ini/mei/final,mesmo arquivo
138145,Merge_10,unique/ini/mei/final,mesmo arquivo
138145,DfsPackFile_71,unique/ini/mei/final,mesmo arquivo
138145,DfsPackFile_73,unique/ini/mei/final,mesmo arquivo
138145,UploadPack_15,unique/ini/mei/final,mesmo arquivo
138145,DfsPackFile_74,unique/ini/mei/final,mesmo arquivo
138145,IO_81,unique/ini/mei/final,mesmo arquivo
138145,CachingKeyPairProvider_17,unique/ini/mei/final,arquivo diferente
138159,Merge_7,unique/ini/mei/final,mesmo arquivo
138159,RevParse_13,unique/ini/mei/final,mesmo arquivo
138159,Merge_9,unique/ini/mei/final,mesmo arquivo
138159,DfsPackFile_70,unique/ini/mei/final,mesmo arquivo
138159,Merge_10,unique/ini/mei/final,mesmo arquivo
138159,DfsPackFile_72,unique/ini/mei/final,mesmo arquivo
138159,DfsPackFile_73,unique/ini/mei/final,mesmo arquivo
138159,UploadPack_15,unique/ini/mei/final,mesmo arquivo
138159,CachingKeyPairProvider_17,unique/ini/mei/final,arquivo diferente
138159,IO_80,unique/ini/mei/final,mesmo arquivo
138410,MergeTool_4,mei/final,arquivo diferente
138990,UploadPack_2,ini/mei,mesmo arquivo
139545,MergeTools_10,unique/mei,arquivo diferente
139545,DiffTools_5,unique/mei,arquivo diferente
139818,UploadPack_0,unique/ini,mesmo arquivo
139818,UploadPack_0_rev_1,mei/final,mesmo arquivo
139819,UploadPack_0,ini/mei,mesmo arquivo
139819,UploadPack_2_rev_6,mei/final,mesmo arquivo
140153,RebaseCommand_0,apa/des/apa,mesmo arquivo
140155,NameConflictTreeWalk_5,apa/des/apa,mesmo arquivo
140155,NameConflictTreeWalk_5,apa/des/apa,mesmo arquivo
140155,NameConflictTreeWalk_5,apa/des/apa,mesmo arquivo
140155,AbstractPlotRenderer_2,apa/des/apa,mesmo arquivo
140155,AbstractPlotRenderer_2,apa/des/apa,mesmo arquivo
140155,AbstractPlotRenderer_2,apa/des/apa,mesmo arquivo
140155,AbstractPlotRenderer_3,apa/des/apa,mesmo arquivo
140155,AbstractPlotRenderer_3,apa/des/apa,mesmo arquivo
140155,AbstractPlotRenderer_3,apa/des/apa,mesmo arquivo
140155,TreeWalk_7,apa/des/apa,arquivo diferente
140155,TreeWalk_7,apa/des/apa,arquivo diferente
140155,TreeWalk_7,apa/des/apa,arquivo diferente
140155,TreeWalk_6,apa/des/apa,arquivo diferente
140155,TreeWalk_6,apa/des/apa,arquivo diferente
140155,TreeWalk_6,apa/des/apa,arquivo diferente
140155,NameConflictTreeWalk_4,apa/des/apa,mesmo arquivo
140155,NameConflictTreeWalk_4,apa/des/apa,mesmo arquivo
140155,NameConflictTreeWalk_4,apa/des/apa,mesmo arquivo
140155,CombinedHunkHeader_0,apa/des/apa,arquivo diferente
140155,CombinedHunkHeader_0,apa/des/apa,arquivo diferente
140155,CombinedHunkHeader_0,apa/des/apa,arquivo diferente
140155,CombinedHunkHeader_1,unique/final,arquivo diferente
140156,ManifestParser_9,apa/des/apa,mesmo arquivo
140161,SubmoduleWalk_1,apa/des/apa,mesmo arquivo
140161,SubmoduleWalk_1,apa/des/apa,mesmo arquivo
140161,SubmoduleWalk_0,ini/mei,mesmo arquivo
140161,SubmoduleWalk_0_rev_4,unique/mei,mesmo arquivo
140161,SubmoduleWalk_0_rev_5,apa/des/apa,mesmo arquivo
140162,MockSystemReader_8,apa/des/apa,ambos
140162,PackBitmapIndexBuilder_38,apa/des/apa,mesmo arquivo
140162,Daemon_43,apa/des/apa,mesmo arquivo
140162,PackWriter_39,apa/des/apa,mesmo arquivo
140162,DirCacheTree_34,apa/des/apa,mesmo arquivo
140162,PackWriter_40,apa/des/apa,mesmo arquivo
140162,PushCertificateStore_44,apa/des/apa,mesmo arquivo
140162,PushCertificateStore_53,apa/des/apa,mesmo arquivo
140162,Daemon_52,apa/des/apa,mesmo arquivo
140162,PackBitmapIndexBuilder_45,apa/des/apa,mesmo arquivo
140162,DirCacheTree_41,apa/des/apa,mesmo arquivo
140162,MockSystemReader_6,apa/des/apa,ambos
140162,PackWriter_50,apa/des/apa,mesmo arquivo
140162,PackBitmapIndexBuilder_46,apa/des/apa,mesmo arquivo
140162,PushCertificateStore_55,apa/des/apa,mesmo arquivo
140162,TransportLocal_58,apa/des/apa,ambos
140162,PackBitmapIndexBuilder_20,mei/final,mesmo arquivo
140162,PackBitmapIndexBuilder_21,mei/final,mesmo arquivo
140162,MockSystemReader_0,mei/final,ambos
140162,PackWriter_26,mei,mesmo arquivo
140162,PackWriter_22,mei/final,mesmo arquivo
140164,AwtCredentialsProvider_10,apa/des/apa,mesmo arquivo
140164,CreateBranchCommand_12,apa/des/apa,mesmo arquivo
140164,CreateBranchCommand_11,apa/des/apa,mesmo arquivo
140164,ObjectChecker_2,mei,mesmo arquivo
140164,CreateBranchCommand_0,unique/mei,mesmo arquivo
140164,ObjectChecker_3,mei,mesmo arquivo
140275,MergeTool_4,apa/des/apa,mesmo arquivo
140275,MergeTool_4,apa/des/apa,mesmo arquivo
140275,DiffTool_2,apa/des/apa,ambos
140275,DiffTool_2,apa/des/apa,ambos
140275,DiffTool_1,mei,ambos
140275,MergeToolManager_22,mei,mesmo arquivo
140275,MergeToolManager_23,mei,ambos
140275,MergeTool_4_rev_8,apa/des/apa,ambos
140275,DiffToolManager_12,mei,ambos
140275,MergeToolManager_21,mei,mesmo arquivo
140275,MergeToolManager_24,mei,mesmo arquivo
140275,DiffToolManager_11,mei,ambos
140275,MergeToolManager_22_rev_10,mei,ambos
140275,MergeToolManager_19,mei,mesmo arquivo
140275,MergeToolManager_22_rev_12,unique/mei,mesmo arquivo
140275,MergeToolManager_23_rev_12,unique/mei,ambos
140275,MergeToolManager_24_rev_12,unique/mei,mesmo arquivo
140275,MergeToolManager_23_rev_13,mei,ambos
140275,DiffTool_4,mei,ambos
140275,DiffTool_6,mei,mesmo arquivo
140275,DiffTool_3,mei,ambos
140275,MergeTool_9,mei,ambos
140275,DiffTool_7,mei,mesmo arquivo
140275,DiffTool_6_rev_15,mei,mesmo arquivo
140275,MergeToolManager_21_rev_13,unique/mei,ambos
140275,DiffTool_2_rev_8,mei,ambos
140275,MergeTool_12,mei/final,mesmo arquivo
140275,DiffTool_9,mei/final,ambos
140463,DepthGenerator_0,unique/ini/mei/final,arquivo diferente
142609,PushCertificateStore_32,unique/ini/mei/final,mesmo arquivo
142609,MockSystemReader_0,unique/ini/mei/final,ambos
142609,PackBitmapIndexBuilder_25,unique/ini/mei/final,mesmo arquivo
142609,Daemon_31,unique/ini/mei/final,mesmo arquivo
142609,PackBitmapIndexBuilder_24,unique/ini/mei/final,mesmo arquivo
142609,PackWriter_26,unique/ini/mei/final,mesmo arquivo
142609,PushCertificateStore_34,unique/ini/mei/final,mesmo arquivo
142636,ObjectDirectory_0,ini/mei,mesmo arquivo
143175,ProtocolV2Parser_1,ini/mei/final,mesmo arquivo
143716,WorkingTreeIterator_1,unique/ini/mei/final,mesmo arquivo
143770,WorkingTreeIterator_30,ini/mei/final,mesmo arquivo
143770,PullCommand_11,ini/mei/final,arquivo diferente
143770,ProtocolV2Parser_26,ini/mei/final,mesmo arquivo
143804,NetscapeCookieFile_0,ini/mei/final,mesmo arquivo
143821,NetscapeCookieFile_0,ini/mei/final,mesmo arquivo
144571,OpenSshServerKeyVerifier_2,ini/mei/final,mesmo arquivo
145437,DirCacheEntry_2,ini/mei/final,mesmo arquivo
145655,PostUploadHookChain_1,mei/final,arquivo diferente
145656,PreUploadHookChain_1,mei/final,arquivo diferente
146448,ReftableBatchRefUpdate_3,mei,mesmo arquivo
146448,ReftableBatchRefUpdate_3_rev_26,mei/final,mesmo arquivo
146526,UploadPack_0,mei,mesmo arquivo
146535,ReceivePack_0,ini/mei/final,arquivo diferente
146536,ReceivePack_13,ini/mei/final,arquivo diferente
146536,ReceivePack_11,ini/mei/final,arquivo diferente
146536,ReceivePack_12,ini/mei/final,arquivo diferente
146536,ReceivePack_16,mei/final,arquivo diferente
146536,ReceivePack_5,mei/final,arquivo diferente
146567,DfsReftableStack_0,ini/mei,arquivo diferente
146567,DfsReftableStack_0_rev_6,mei/final,arquivo diferente
146743,MergeFormatter_1,unique/ini/mei/final,mesmo arquivo
146930,Blame_2,mei/final,arquivo diferente
147131,Blame_1,ini/mei/final,mesmo arquivo
147143,UploadPack_0,ini/mei,mesmo arquivo
147222,DirCacheEntry_16,ini/mei/final,mesmo arquivo
147236,DirCacheEntry_15,ini/mei/final,mesmo arquivo
147257,DirCacheEntry_14,unique/ini/mei/final,mesmo arquivo
147301,ReftableBatchRefUpdate_5,apa/des/apa,mesmo arquivo
147325,DirCacheEntry_14,unique/ini,mesmo arquivo
147325,NetscapeCookieFile_26,unique/ini,mesmo arquivo
147325,NetscapeCookieFile_27,unique/final,mesmo arquivo
147325,DirCacheEntry_15,unique/final,mesmo arquivo
147751,BaseReceivePack_2,mei,mesmo arquivo
147751,BaseReceivePack_1,mei,mesmo arquivo
147751,BaseReceivePack_2_rev_7,unique/mei,mesmo arquivo
147753,FS_2,mei/final,arquivo diferente
147766,BouncyCastleGpgKeyLocator_3,unique/ini,mesmo arquivo
147766,BouncyCastleGpgKeyLocator_1,ini/mei/final,mesmo arquivo
147766,BouncyCastleGpgKeyLocator_3_rev_1,unique/final,mesmo arquivo
147791,FS_0,ini/mei/final,mesmo arquivo
147791,FS_3,mei/final,arquivo diferente
147935,FS_7,ini/mei/final,arquivo diferente
147948,FS_7,unique/ini/mei/final,arquivo diferente
147949,FS_7,unique/ini/mei/final,arquivo diferente
147950,FS_7,unique/ini/mei/final,arquivo diferente
148280,MergeFormatter_5,ini/mei/final,mesmo arquivo
148373,SystemReader_2,mei,mesmo arquivo
148373,SystemReader_1,unique/mei,mesmo arquivo
148551,UploadPack_0,unique/ini/mei/final,mesmo arquivo
148557,UploadPack_0,unique/ini/mei/final,mesmo arquivo
148706,PackedBatchRefUpdate_6,ini/mei/final,mesmo arquivo
148706,PackedBatchRefUpdate_5,ini/mei,mesmo arquivo
148732,PackedBatchRefUpdate_6,ini/mei/final,mesmo arquivo
148732,PackedBatchRefUpdate_5,unique/ini,mesmo arquivo
148779,PackedBatchRefUpdate_7,ini/mei/final,mesmo arquivo
148786,PackedBatchRefUpdate_7,unique/ini/mei/final,mesmo arquivo
148797,PackedBatchRefUpdate_7,ini/mei/final,mesmo arquivo
148806,PackedBatchRefUpdate_6,ini/mei/final,mesmo arquivo
148851,PackedBatchRefUpdate_6,ini/mei/final,mesmo arquivo
148854,PackedBatchRefUpdate_6,unique/ini/mei/final,mesmo arquivo
148857,PackedBatchRefUpdate_6,unique/ini/mei/final,mesmo arquivo
148860,PackedBatchRefUpdate_6,unique/ini/mei/final,mesmo arquivo
148861,PackedBatchRefUpdate_20,unique/ini/mei/final,mesmo arquivo
150739,SystemReader_1,unique/ini,mesmo arquivo
150739,SystemReader_1_rev_1,unique/mei,mesmo arquivo
150739,SystemReader_1_rev_2,mei/final,mesmo arquivo
151063,IndexDiff_1,ini/mei/final,mesmo arquivo
151063,IndexDiff_0,ini/mei/final,mesmo arquivo
151063,IndexDiff_2,ini/mei/final,mesmo arquivo
151203,FetchCommand_4,ini/mei/final,mesmo arquivo
151203,IO_20,ini/mei/final,mesmo arquivo
151203,LeafBucket_17,ini/mei/final,mesmo arquivo
151203,ResolveMerger_16,ini/mei/final,mesmo arquivo
151203,Repository_14,ini/mei/final,mesmo arquivo
151203,RepoCommand_7,ini/mei/final,mesmo arquivo
151203,CleanFilter_0,ini/mei/final,mesmo arquivo
151203,ChangeIdUtil_18,ini/mei/final,mesmo arquivo
151203,UnpackedObject_10,ini/mei/final,ambos
151203,Strings_9,ini/mei/final,mesmo arquivo
151203,PathMatcher_8,ini/mei/final,mesmo arquivo
151203,MergeCommand_5,ini/mei/final,mesmo arquivo
151203,ResolveMerger_15,ini/mei/final,mesmo arquivo
151203,FS_19,ini/mei/final,mesmo arquivo
152095,UploadPack_1,ini/mei/final,mesmo arquivo
152140,SystemReader_1,unique/ini/mei/final,mesmo arquivo
152356,ReceivePack_0,ini/mei/final,ambos
152358,BaseReceivePack_0,unique/ini,arquivo diferente
152358,BaseReceivePack_2,unique/ini,mesmo arquivo
152358,BaseReceivePack_1,unique/ini,mesmo arquivo
152358,ReceivePack_1,unique/final,mesmo arquivo
152358,ReceivePack_2,unique/final,mesmo arquivo
152358,ReceivePack_0,unique/final,mesmo arquivo
152361,BaseReceivePack_0,unique/ini,mesmo arquivo
152588,FileUtils_0,ini/mei/final,arquivo diferente
152843,ReftableDatabase_2,mei/final,mesmo arquivo
153084,UploadPack_3,ini/mei,mesmo arquivo
153084,UploadPack_0,ini/mei,mesmo arquivo
153084,UploadPack_2,unique/mei,mesmo arquivo
153084,UploadPack_2_rev_2,mei/final,mesmo arquivo
153084,UploadPack_4,mei/final,mesmo arquivo
153084,UploadPack_2_rev_6,mei,mesmo arquivo
153084,UploadPack_2_rev_8,mei/final,mesmo arquivo
153536,Hooks_3,ini/mei/final,mesmo arquivo
153536,CommitCommand_2,ini/mei/final,mesmo arquivo
153536,BuiltinLFS_0,ini/mei/final,mesmo arquivo
153820,ReftableDatabase_2,unique/ini/mei/final,mesmo arquivo
153862,ReftableDatabase_2,unique/ini/mei/final,mesmo arquivo
154050,WindowCache_3,unique/ini/mei/final,mesmo arquivo
154096,Hooks_3,unique/ini/mei/final,mesmo arquivo
154096,CommitCommand_2,unique/ini/mei/final,mesmo arquivo
154096,BuiltinLFS_0,unique/ini/mei/final,mesmo arquivo
154097,ReftableDatabase_19,unique/ini/mei/final,mesmo arquivo
154097,ReceivePack_28,unique/ini/mei/final,mesmo arquivo
154097,ReceivePack_26,unique/ini/mei/final,mesmo arquivo
154097,Hooks_17,unique/ini/mei/final,mesmo arquivo
154097,CommitCommand_12,unique/ini/mei/final,mesmo arquivo
154097,ReceivePack_27,unique/ini/mei/final,mesmo arquivo
154097,BuiltinLFS_3,unique/ini/mei/final,mesmo arquivo
154097,Blame_6,unique/ini/mei/final,mesmo arquivo
154833,PackWriter_1_rev_1,mei/final,mesmo arquivo
155670,DirCacheCheckout_0,mei/final,mesmo arquivo
156040,KetchCustomReceivePack_149,unique/ini/mei/final,mesmo arquivo
156040,GarbageCollector_193,unique/ini/mei/final,mesmo arquivo
156040,JGitFileSystemWatchServices_122,unique/ini/mei/final,mesmo arquivo
156040,WatchEventsWrapper_138,unique/ini/mei/final,mesmo arquivo
156040,BaseCreateCommitTree_173,unique/ini/mei/final,mesmo arquivo
156040,HTTPProxyAuthenticator_108,unique/ini/mei/final,mesmo arquivo
156040,JGitFileSystemsCacheDataStructure_161,unique/ini/mei/final,mesmo arquivo
156040,HiddenAttributeViewImpl_110,unique/ini/mei/final,arquivo diferente
156040,SyncRemote_222,unique/ini/mei/final,mesmo arquivo
156040,HTTPSupport_151,unique/ini/mei/final,mesmo arquivo
156040,Preconditions_240,unique/ini/mei/final,mesmo arquivo
156040,Preconditions_241,unique/ini/mei/final,mesmo arquivo
156040,DescriptiveThreadFactory_235,unique/ini/mei/final,mesmo arquivo
156040,JGitEventsBroadcast_115,unique/ini/mei/final,mesmo arquivo
156040,JGitSSHConfigSessionFactory_127,unique/ini/mei/final,mesmo arquivo
156040,WatchEventsWrapper_136,unique/ini/mei/final,mesmo arquivo
156040,JGitEventsBroadcast_114,unique/ini/mei/final,mesmo arquivo
156040,Preconditions_242,unique/ini/mei/final,mesmo arquivo
156040,Git_164,unique/ini/mei/final,mesmo arquivo
156040,PathInfo_233,unique/ini/mei/final,mesmo arquivo
156040,SyncRemote_220,unique/ini/mei/final,mesmo arquivo
156040,PortUtil_142,unique/ini/mei/final,mesmo arquivo
156040,Git_166,unique/ini/mei/final,mesmo arquivo
156040,Daemon_144,unique/ini/mei/final,mesmo arquivo
156040,SimpleRefUpdateCommand_213,unique/ini/mei/final,mesmo arquivo
156040,JGitEventsBroadcast_113,unique/ini/mei/final,mesmo arquivo
156040,Squash_215,unique/ini/mei/final,mesmo arquivo
156040,HTTPProxyAuthenticator_109,unique/ini/mei/final,mesmo arquivo
156040,SimpleRefUpdateCommand_214,unique/ini/mei/final,mesmo arquivo
156040,GetPathInfo_198,unique/ini/mei/final,mesmo arquivo
156040,CreateBranch_182,unique/ini/mei/final,mesmo arquivo
156040,SyncRemote_221,unique/ini/mei/final,mesmo arquivo
156040,PathInfo_232,unique/ini/mei/final,mesmo arquivo
156040,GetTreeFromRef_200,unique/ini/mei/final,mesmo arquivo
156040,ListPathContent_203,unique/ini/mei/final,mesmo arquivo
156040,JGitFileSystemsEventsManager_123,unique/ini/mei/final,mesmo arquivo
156040,ListRefs_204,unique/ini/mei/final,mesmo arquivo
156040,Git_163,unique/ini/mei/final,mesmo arquivo
156040,WatchEventsWrapper_139,unique/ini/mei/final,mesmo arquivo
156040,ConcurrentRefUpdateException_228,unique/ini/mei/final,mesmo arquivo
156040,BaseCreateCommitTree_171,unique/ini/mei/final,mesmo arquivo
156040,Preconditions_238,unique/ini/mei/final,mesmo arquivo
156040,Preconditions_239,unique/ini/mei/final,mesmo arquivo
156040,CreateMoveCommitTree_185,unique/ini/mei/final,mesmo arquivo
156040,BaseCreateCommitTree_170,unique/ini/mei/final,mesmo arquivo
156040,BaseCreateCommitTree_172,unique/ini/mei/final,mesmo arquivo
156040,Squash_218,unique/ini/mei/final,mesmo arquivo
156040,HTTPSupport_150,unique/ini/mei/final,mesmo arquivo
156040,PathUtil_207,unique/ini/mei/final,mesmo arquivo
156040,Git_167,unique/ini/mei/final,mesmo arquivo
156040,KetchCustomReceivePack_148,unique/ini/mei/final,mesmo arquivo
156040,Squash_217,unique/ini/mei/final,mesmo arquivo
156040,GetRef_199,unique/ini/mei/final,mesmo arquivo
156040,JGitSSHConfigSessionFactory_128,unique/ini/mei/final,mesmo arquivo
156040,Preconditions_237,unique/ini/mei/final,mesmo arquivo
156040,BaseCreateCommitTree_174,unique/ini/mei/final,mesmo arquivo
156040,JGitFileSystemsCacheDataStructure_159,unique/ini/mei/final,mesmo arquivo
156040,SyncRemote_223,unique/ini/mei/final,mesmo arquivo
156040,DeleteBranch_189,unique/ini/mei/final,mesmo arquivo
156040,Daemon_143,unique/ini/mei/final,mesmo arquivo
156040,CreateCopyCommitTree_183,unique/ini/mei/final,mesmo arquivo
156040,JGitSSHConfigSessionFactory_129,unique/ini/mei/final,mesmo arquivo
156040,UsernamePasswordCredentialsProvider_87,unique/ini/mei/final,mesmo arquivo
156040,WriteConfiguration_227,unique/ini/mei/final,mesmo arquivo
156040,JGitFileSystemsCacheDataStructure_160,unique/ini/mei/final,mesmo arquivo
156040,SyncRemote_224,unique/ini/mei/final,mesmo arquivo
156040,Git_165,unique/ini/mei/final,mesmo arquivo
156040,WatchEventsWrapper_137,unique/ini/mei/final,arquivo diferente
156040,CherryPick_177,unique/ini/mei/final,mesmo arquivo
156040,PortUtil_141,unique/ini/mei/final,mesmo arquivo
157001,DirCacheCheckout_5,unique/ini/mei/final,mesmo arquivo
157533,PackWriter_4,ini/mei/final,mesmo arquivo
157759,DirCacheCheckout_2,ini/mei/final,mesmo arquivo
157759,PackWriter_4,ini/mei/final,mesmo arquivo
158449,StartGenerator_3,ini/mei,mesmo arquivo
158449,StartGenerator_3_rev_2,mei,mesmo arquivo
158449,StartGenerator_3_rev_4,mei/final,mesmo arquivo
159692,ResolveMerger_1,ini/mei/final,mesmo arquivo
159692,ResolveMerger_2,ini/mei/final,mesmo arquivo
159969,ReceivePack_1,ini/mei/final,mesmo arquivo
159969,ReceivePack_0,ini/mei/final,mesmo arquivo
160153,PackConfig_3,ini/mei/final,mesmo arquivo
160558,UploadPack_0,ini/mei/final,mesmo arquivo
160559,ObjectWalk_0,ini/mei/final,arquivo diferente
160560,UploadPack_1,ini/mei/final,mesmo arquivo
161631,CherryPickCommand_0,unique/ini/mei/final,mesmo arquivo
162602,PackConfig_33,ini/mei/final,mesmo arquivo
162602,StartGenerator_29,ini/mei/final,mesmo arquivo
162602,ReceivePack_35,ini/mei/final,mesmo arquivo
162602,ReceivePack_36,ini/mei/final,mesmo arquivo
162602,ObjectWalk_27,ini/mei/final,arquivo diferente
162602,ResolveMerger_24,ini/mei/final,mesmo arquivo
162602,UploadPack_39,ini/mei/final,mesmo arquivo
162602,ResolveMerger_23,ini/mei/final,mesmo arquivo
162602,UploadPack_38,ini/mei/final,mesmo arquivo
162602,CherryPickCommand_17,ini/mei/final,mesmo arquivo
162920,ResolveMerger_3,unique/ini,mesmo arquivo
162920,ResolveMerger_9,mei,mesmo arquivo
162920,ResolveMerger_0,mei,mesmo arquivo
162920,ResolveMerger_0_rev_6,unique/mei,mesmo arquivo
162920,ResolveMerger_0_rev_7,mei,mesmo arquivo
162920,ResolveMerger_5,unique/mei,mesmo arquivo
162920,ResolveMerger_4,unique/mei,mesmo arquivo
163274,DirCacheEntry_1,ini/mei,mesmo arquivo
163274,DirCacheEntry_1_rev_2,unique/mei,mesmo arquivo
163940,BaseRepositoryBuilder_1,ini/mei,mesmo arquivo
164396,SshdSessionFactory_13,unique/ini/mei/final,mesmo arquivo
164491,ResolveMerger_3,ini/mei,mesmo arquivo
164491,ResolveMerger_2,ini/mei,mesmo arquivo
164491,ResolveMerger_3_rev_2,unique/mei,mesmo arquivo
164491,ResolveMerger_4,unique/mei,mesmo arquivo
164491,ResolveMerger_5,mei,mesmo arquivo
164491,ResolveMerger_4_rev_3,mei,mesmo arquivo
164491,ResolveMerger_4_rev_8,mei,mesmo arquivo
164600,SshdSessionFactory_13,unique/ini/mei/final,mesmo arquivo
165082,BasePackBitmapIndex_0,unique/ini,mesmo arquivo
166755,AutoLFOutputStream_11,mei,mesmo arquivo
167370,SshSupport_1,ini/mei,mesmo arquivo
167370,SshSupport_4_rev_5,mei/final,mesmo arquivo
167564,ResolveMerger_0,ini/mei/final,mesmo arquivo
167565,ResolveMerger_0,ini/mei/final,mesmo arquivo
167566,UploadPack_2,ini/mei/final,mesmo arquivo
167566,UploadPack_5,ini/mei/final,mesmo arquivo
168079,UploadPack_4,mei,mesmo arquivo
168079,UploadPack_5,mei,mesmo arquivo
168861,ResolveMerger_5,unique/ini/mei/final,mesmo arquivo
168861,ResolveMerger_6,unique/ini/mei/final,mesmo arquivo
168861,ResolveMerger_4,unique/ini/mei/final,mesmo arquivo
168985,ResolveMerger_7,unique/ini,mesmo arquivo
168985,ResolveMerger_5,unique/ini,mesmo arquivo
168985,ResolveMerger_6,unique/ini,mesmo arquivo
171267,BaseRepositoryBuilder_1,ini/mei/final,mesmo arquivo
171300,UploadPack_3,ini/mei,mesmo arquivo
171300,UploadPack_4,ini/mei,mesmo arquivo
171724,BasePackConnection_5,ini/mei/final,mesmo arquivo
172967,ResolveMerger_93,ini/mei/final,mesmo arquivo
172967,ResolveMerger_95,ini/mei/final,mesmo arquivo
172967,ResolveMerger_94,ini/mei/final,mesmo arquivo
172967,SshSupport_114,ini/mei/final,mesmo arquivo
173021,MergedReftable_1,ini/mei,mesmo arquivo
173022,RefsUnreadableInMemoryRepository_0,ini/mei,mesmo arquivo
173022,RefsUnreadableInMemoryRepository_0_rev_6,mei,mesmo arquivo
173022,RefsUnreadableInMemoryRepository_0_rev_8,mei,mesmo arquivo
173022,RefsUnreadableInMemoryRepository_0_rev_9,mei/final,mesmo arquivo
173438,TagBuilder_6,ini/mei,arquivo diferente
174405,RevTag_0,ini/mei/final,mesmo arquivo
174955,BouncyCastleGpgKeyLocator_5,ini/mei/final,mesmo arquivo
174955,BouncyCastleGpgKeyLocator_4,ini/mei/final,mesmo arquivo
175331,BouncyCastleGpgSigner_1,ini/mei/final,arquivo diferente
175331,TagCommand_4,ini/mei/final,mesmo arquivo
175332,BouncyCastleGpgKeyLocator_1,ini/mei/final,mesmo arquivo
175522,LfsPointer_2,ini/mei/final,mesmo arquivo
175523,RebaseCommand_2,mei,mesmo arquivo
176813,TagCommand_37,unique/ini/mei/final,mesmo arquivo
176813,BouncyCastleGpgSigner_9,unique/ini/mei/final,arquivo diferente
176917,RefsUnreadableInMemoryRepository_25,ini/mei/final,mesmo arquivo
177103,LfsPointer_2,unique/ini/mei/final,mesmo arquivo
177138,PackParser_0,ini/mei/final,mesmo arquivo
178051,LfsPointer_3,unique/ini/mei/final,mesmo arquivo
178730,ResolveMerger_0,ini/mei/final,mesmo arquivo
178743,UsernamePasswordCredentialsProvider_0,unique/ini/mei/final,mesmo arquivo
179234,CherryPickCommand_10,ini/mei/final,arquivo diferente
180502,ResolveMerger_42,ini/mei/final,mesmo arquivo
180502,CherryPickCommand_22,ini/mei/final,arquivo diferente
180502,UsernamePasswordCredentialsProvider_47,ini/mei/final,mesmo arquivo
180633,OpenSshConfigFile_1,unique/final,arquivo diferente
180697,BatchRefUpdate_0,ini/mei/final,mesmo arquivo
181058,OpenSshConfigFile_24,unique/ini/mei/final,arquivo diferente
181123,WindowCursor_3,ini/mei,mesmo arquivo
181123,WindowCursor_4,mei/final,mesmo arquivo
181324,UploadPack_1,mei,mesmo arquivo
181324,UploadPack_2,mei,mesmo arquivo
181324,UploadPack_3,mei,mesmo arquivo
181355,PackDirectory_2,mei,mesmo arquivo
181475,BatchRefUpdate_13,unique/ini/mei/final,mesmo arquivo
181476,BatchRefUpdate_13,unique/ini/mei/final,mesmo arquivo
181477,BatchRefUpdate_13,unique/ini/mei/final,mesmo arquivo
181478,BatchRefUpdate_13,unique/ini/mei/final,mesmo arquivo
181479,BatchRefUpdate_13,apa/des/apa,mesmo arquivo
181479,BatchRefUpdate_14,unique/mei,mesmo arquivo
181879,BatchRefUpdate_13,unique/ini/mei/final,mesmo arquivo
181880,BatchRefUpdate_13,unique/ini/mei/final,mesmo arquivo
181881,BatchRefUpdate_13,unique/ini/mei/final,mesmo arquivo
181882,BatchRefUpdate_13,unique/ini/mei/final,mesmo arquivo
181883,BatchRefUpdate_13,unique/ini/mei/final,mesmo arquivo
181885,BatchRefUpdate_13,unique/ini/mei/final,mesmo arquivo
181888,BatchRefUpdate_46,unique/ini/mei/final,mesmo arquivo
181888,OpenSshConfigFile_44,unique/ini/mei/final,arquivo diferente
181889,BatchRefUpdate_13,unique/ini/mei/final,mesmo arquivo
181950,OpenSshConfigFile_45,unique/ini/mei/final,arquivo diferente
181950,UploadPack_47,unique/ini/mei/final,arquivo diferente
182126,PathSuffixFilter_3,ini/mei/final,arquivo diferente
182378,UploadPack_0,ini/mei/final,arquivo diferente
182379,FileRepository_0,ini/mei/final,arquivo diferente
182491,PathSuffixFilter_10,ini/mei/final,arquivo diferente
182501,TextBuiltin_0,ini/mei/final,mesmo arquivo
182868,OpenSshServerKeyDatabase_0,ini/mei/final,mesmo arquivo
182906,WindowCursor_0,ini/mei,mesmo arquivo
182906,PackWriter_3,mei,mesmo arquivo
182906,UploadPack_6,mei,mesmo arquivo
182906,UploadPack_3,mei,mesmo arquivo
182906,UploadPack_4,mei,mesmo arquivo
182906,UploadPack_5,mei,mesmo arquivo
182906,UploadPack_3_rev_17,mei,mesmo arquivo
182906,UploadPack_3_rev_21,mei/final,mesmo arquivo
182906,UploadPack_6_rev_30,mei,mesmo arquivo
182906,UploadPack_4_rev_30,mei/final,mesmo arquivo
182906,UploadPack_5_rev_30,mei,mesmo arquivo
182906,UploadPack_6_rev_32,mei/final,mesmo arquivo
183118,PackWriter_3,ini/mei,mesmo arquivo
183118,UploadPack_2,mei,mesmo arquivo
183118,UploadPack_3,mei,mesmo arquivo
183118,UploadPack_5,mei,mesmo arquivo
183118,UploadPack_6_rev_4,unique/mei,mesmo arquivo
183118,UploadPack_3_rev_4,apa/des/apa,mesmo arquivo
183118,UploadPack_4_rev_4,unique/mei,mesmo arquivo
183118,UploadPack_6_rev_5,unique/mei,mesmo arquivo
183118,UploadPack_8,unique/mei,mesmo arquivo
183118,UploadPack_7_rev_5,apa/des/apa,mesmo arquivo
183118,UploadPack_5_rev_5,unique/mei,mesmo arquivo
183118,UploadPack_7_rev_6,mei,mesmo arquivo
183118,UploadPack_4_rev_5,mei,mesmo arquivo
183118,UploadPack_5_rev_6,mei,mesmo arquivo
183118,UploadPack_6_rev_8,unique/mei,mesmo arquivo
183118,UploadPack_8_rev_8,unique/mei,mesmo arquivo
183118,UploadPack_7_rev_8,unique/mei,mesmo arquivo
183118,UploadPack_5_rev_8,unique/mei,mesmo arquivo
183118,UploadPack_6_rev_9,mei/final,mesmo arquivo
183118,UploadPack_4_rev_8,mei/final,mesmo arquivo
183183,ProtocolV2Parser_3,ini/mei,mesmo arquivo
183183,ProtocolV2HookChain_2,ini/mei/final,mesmo arquivo
183183,TransferConfig_16,mei,mesmo arquivo
184255,PullCommand_0,unique/ini,mesmo arquivo
184255,PullCommand_1,unique/mei,mesmo arquivo
184255,PullCommand_0_rev_1,unique/mei,mesmo arquivo
184255,PullCommand_0_rev_3,unique/final,mesmo arquivo
184501,RepoCommand_0,unique/ini,mesmo arquivo
184501,RepoCommand_0_rev_1,mei/final,mesmo arquivo
184862,ProtocolV2HookChain_3,unique/ini/mei/final,mesmo arquivo
185213,OpenSshServerKeyDatabase_7,ini/mei/final,mesmo arquivo
185213,ProtocolV2HookChain_20,ini/mei/final,mesmo arquivo
185407,PullCommand_1,ini/mei,mesmo arquivo
185785,GetRefsBenchmark_0,unique/mei,arquivo diferente
186455,DfsPackFile_6,ini/mei/final,mesmo arquivo
186455,DfsPackFile_4,ini/mei/final,mesmo arquivo
186455,DfsPackFile_5,ini/mei/final,mesmo arquivo
186567,ReftableBatchRefUpdate_1,unique/ini/mei/final,ambos
186567,PackedBatchRefUpdate_0,unique/ini/mei/final,arquivo diferente
187030,DfsPackFile_13,unique/ini/mei/final,mesmo arquivo
187030,DfsPackFile_14,unique/ini/mei/final,mesmo arquivo
187030,UploadPack_19,unique/ini/mei/final,arquivo diferente
187030,DfsPackFile_12,unique/ini/mei/final,mesmo arquivo
187358,SshdSession_0,unique/ini/mei/final,mesmo arquivo
187798,SshdSession_17,unique/ini/mei/final,mesmo arquivo
187938,FS_0,unique/ini,mesmo arquivo
188024,FS_0,unique/ini/mei/final,mesmo arquivo
188027,FS_0,unique/ini/mei/final,mesmo arquivo
188028,FS_0,unique/ini/mei/final,mesmo arquivo
188029,FS_0,unique/ini/mei/final,mesmo arquivo
188031,FS_0,unique/ini/mei/final,mesmo arquivo
188548,DfsPackFile_67,unique/ini/mei/final,mesmo arquivo
188548,DfsPackFile_68,unique/ini/mei/final,mesmo arquivo
188548,RepoCommand_61,unique/ini/mei/final,mesmo arquivo
188548,SshdSession_31,unique/ini/mei/final,mesmo arquivo
188548,UploadPack_83,unique/ini/mei/final,arquivo diferente
188548,FS_84,unique/ini/mei/final,mesmo arquivo
188548,DfsPackFile_69,unique/ini/mei/final,mesmo arquivo
188943,FileRepository_0,ini/mei/final,arquivo diferente
189377,SshAgentClient_0,ini/mei/final,mesmo arquivo
190703,UploadPackServlet_0_rev_3,mei,mesmo arquivo
190980,RefSpec_4,ini/mei/final,mesmo arquivo
191090,GC_1,ini/mei/final,mesmo arquivo
191092,DfsPackFile_2,ini/mei,mesmo arquivo
191670,RefSpec_21,unique/ini,mesmo arquivo
191670,RefSpec_22,unique/final,mesmo arquivo
191924,RefDirectory_0,unique/ini,mesmo arquivo
192433,JGitUserInteraction_6,ini/mei/final,arquivo diferente
192450,CommitCommand_0,ini/mei/final,arquivo diferente
192500,DirCacheBuildIterator_1,mei,mesmo arquivo
192500,ResolveMerger_4,mei,mesmo arquivo
192500,TreeWalk_8,mei,mesmo arquivo
192500,ResolveMerger_8,mei,mesmo arquivo
192500,ResolveMerger_9,mei/final,mesmo arquivo
192500,TreeWalk_16,mei/final,mesmo arquivo
192500,DirCacheBuildIterator_4,mei/final,mesmo arquivo
192584,RefDirectory_1,ini/mei/final,mesmo arquivo
193007,ReflogWriter_2,mei,mesmo arquivo
193101,ReflogWriter_2,unique/final,mesmo arquivo
193329,ProtocolV0Parser_15,mei,arquivo diferente
193329,BasePackFetchConnection_12,mei,mesmo arquivo
193329,BasePackFetchConnection_13,mei,mesmo arquivo
193329,ProtocolV0Parser_17,mei/final,arquivo diferente
193329,ProtocolV0Parser_16_rev_5,mei/final,arquivo diferente
193329,BasePackFetchConnection_15_rev_9,mei/final,mesmo arquivo
193329,BasePackFetchConnection_13_rev_9,mei/final,mesmo arquivo
193651,HttpSupport_0,unique/ini/mei/final,arquivo diferente
193652,HttpSupport_0,unique/ini/mei/final,arquivo diferente
193703,HttpSupport_0,unique/ini/mei/final,arquivo diferente
193710,HttpSupport_4,ini/mei/final,arquivo diferente
193712,HttpSupport_4,unique/ini,arquivo diferente
193712,HttpSupport_5,unique/mei,arquivo diferente
193712,HttpSupport_5_rev_2,mei/final,arquivo diferente
193934,DiffTool_13,unique/ini/mei/final,ambos
193934,MergeTool_17,unique/ini/mei/final,mesmo arquivo
194136,CommitCommand_117,unique/ini/mei/final,arquivo diferente
194136,JGitUserInteraction_61,unique/ini/mei/final,arquivo diferente
194136,RefSpec_204,unique/ini/mei/final,mesmo arquivo
194136,SshAgentClient_64,unique/ini/mei/final,mesmo arquivo
194188,HttpSupport_5,unique/ini/mei/final,arquivo diferente
194193,HttpSupport_5,unique/ini/mei/final,arquivo diferente
194194,HttpSupport_5,unique/ini/mei/final,arquivo diferente
194195,HttpSupport_5,unique/ini/mei/final,arquivo diferente
194256,BlameGenerator_0,unique/ini/mei/final,mesmo arquivo
194258,ResolveMerger_13,ini/mei/final,arquivo diferente
194258,ResolveMerger_14,ini/mei/final,mesmo arquivo
194258,ResolveMerger_12,ini/mei/final,mesmo arquivo
194354,BlameGenerator_5,unique/ini,mesmo arquivo
194354,BlameGenerator_5_rev_1,mei,mesmo arquivo
194354,BlameGenerator_5_rev_9,mei,mesmo arquivo
194426,WorkTreeUpdater_5,mei,mesmo arquivo
194426,WorkTreeUpdater_4,mei,mesmo arquivo
194600,SshAgentClient_65,ini/mei/final,mesmo arquivo
194600,RefSpec_216,ini/mei/final,mesmo arquivo
194600,JGitUserInteraction_62,ini/mei/final,arquivo diferente
194600,HttpSupport_237,ini/mei/final,arquivo diferente
194600,CommitCommand_122,ini/mei/final,arquivo diferente
194654,ResolveMerger_3,unique/mei,mesmo arquivo
194654,ResolveMerger_9,unique/mei,mesmo arquivo
194654,ResolveMerger_11,unique/mei,mesmo arquivo
194654,ResolveMerger_8,unique/mei,mesmo arquivo
194654,ResolveMerger_17,unique/mei,mesmo arquivo
194812,RefDirectory_1,unique/ini/mei/final,mesmo arquivo
194813,RefDirectory_1,ini/mei/final,mesmo arquivo
194992,WorkTreeUpdater_1,mei/final,mesmo arquivo
194998,BlameGenerator_7,ini/mei/final,mesmo arquivo
195082,BlameGenerator_7,ini/mei/final,mesmo arquivo
195085,ObjectDatabase_0,ini/mei,arquivo diferente
195085,ObjectDatabase_0_rev_5,mei/final,arquivo diferente
195182,WorkTreeUpdater_0,ini/mei/final,mesmo arquivo
195219,ResolveMerger_7,ini/mei/final,mesmo arquivo
195219,ResolveMerger_5,ini/mei/final,mesmo arquivo
195219,ResolveMerger_6,ini/mei/final,mesmo arquivo
195219,ResolveMerger_4,ini/mei/final,mesmo arquivo
195220,ResolveMerger_0,unique/ini/mei/final,mesmo arquivo
195578,WorkTreeUpdater_17,unique/ini/mei/final,mesmo arquivo
195578,BlameGenerator_12,unique/ini/mei/final,mesmo arquivo
195583,BlameGenerator_0,ini/mei/final,mesmo arquivo
195724,BlameGenerator_2,unique/ini/mei/final,mesmo arquivo
195724,ResolveMerger_7,unique/ini/mei/final,mesmo arquivo
195724,ResolveMerger_5,unique/ini/mei/final,mesmo arquivo
195724,ResolveMerger_8,unique/ini/mei/final,mesmo arquivo
195724,ResolveMerger_6,unique/ini/mei/final,mesmo arquivo
196245,BlameGenerator_4,mei/final,mesmo arquivo
196246,BlameGenerator_7,unique/ini,mesmo arquivo
196501,DiffFormatter_7,ini/mei,mesmo arquivo
196501,RawText_8,ini/mei/final,mesmo arquivo
196852,UploadPackErrorHandler_0,ini/mei/final,arquivo diferente
197007,UploadPackErrorHandler_0,unique/ini/mei/final,arquivo diferente
197008,UploadPackErrorHandler_0,unique/ini/mei/final,arquivo diferente
197010,UploadPackErrorHandler_1,unique/ini/mei/final,arquivo diferente
197011,UploadPackErrorHandler_1,unique/ini/mei/final,arquivo diferente
197044,RawText_13,ini/mei,mesmo arquivo
197044,RawText_9,mei,mesmo arquivo
197044,RawText_11,mei/final,mesmo arquivo
197116,Diff_1,ini/mei,mesmo arquivo
197116,Diff_4,unique/final,mesmo arquivo
197151,UploadPackServlet_0,unique/ini,mesmo arquivo
197151,UploadPackServlet_1_rev_1,unique/final,mesmo arquivo
197152,UploadPack_0,ini/mei/final,mesmo arquivo
197252,UploadPack_11,unique/ini/mei/final,mesmo arquivo
197252,UploadPackServlet_2,unique/ini/mei/final,mesmo arquivo
197252,Diff_8,unique/ini/mei/final,mesmo arquivo
197506,RefDirectory_1,ini/mei,mesmo arquivo
197582,PackWriter_0,mei/final,mesmo arquivo
197585,GC_0,ini/mei,mesmo arquivo
197585,GC_0_rev_4,mei,mesmo arquivo
197585,GC_0_rev_7,mei,mesmo arquivo
197585,GC_0_rev_9,mei/final,mesmo arquivo
197650,DfsPackDescription_4,ini/mei,mesmo arquivo
197650,DfsObjDatabase_1,ini/mei,mesmo arquivo
197650,DfsPackDescription_4_rev_3,mei,mesmo arquivo
197650,DfsObjDatabase_1_rev_3,mei/final,mesmo arquivo
199325,RefDirectory_0,unique/ini,mesmo arquivo
199325,RefDirectory_0_rev_1,mei/final,mesmo arquivo
199402,RefDirectory_3,unique/ini/mei/final,mesmo arquivo
199403,RefDirectory_3,unique/ini/mei/final,mesmo arquivo
199404,RefDirectory_3,unique/ini/mei/final,mesmo arquivo
199405,RefDirectory_3,unique/ini/mei/final,mesmo arquivo
199654,DfsPackFile_4,ini/mei/final,mesmo arquivo
199689,RefDirectory_16,unique/ini/mei/final,mesmo arquivo
199698,ProtocolV2Parser_0,ini/mei/final,arquivo diferente
199848,GC_0,ini/mei/final,mesmo arquivo
200033,ProtocolV2Parser_24,unique/ini/mei/final,arquivo diferente
200033,DfsPackFile_11,unique/ini/mei/final,mesmo arquivo
200036,GC_0,unique/ini/mei/final,mesmo arquivo
200062,GC_0,unique/ini/mei/final,mesmo arquivo
200064,GC_0,unique/ini/mei/final,mesmo arquivo
200065,GC_0,unique/ini/mei/final,mesmo arquivo
200066,GC_0,unique/ini/mei/final,mesmo arquivo
200067,GC_0,unique/ini/mei/final,mesmo arquivo
200220,PackedBatchRefUpdate_0,mei,mesmo arquivo
200220,PackedBatchRefUpdate_0_rev_5,mei/final,mesmo arquivo
200313,PatchApplier_10,mei/final,mesmo arquivo
200313,PatchApplier_9,mei/final,mesmo arquivo
200313,PatchApplier_14,mei,mesmo arquivo
200313,PatchApplier_13,mei/final,mesmo arquivo
200313,ApplyCommand_1,mei/final,arquivo diferente
200313,PatchApplier_5,mei,mesmo arquivo
200313,PatchApplier_6,mei/final,mesmo arquivo
200313,PatchApplier_7,mei/final,mesmo arquivo
200313,PatchApplier_16,mei/final,mesmo arquivo
200313,PatchApplier_12,mei/final,mesmo arquivo
200313,PatchApplier_8,mei/final,mesmo arquivo
200313,PatchApplier_11,mei,mesmo arquivo
200313,PatchApplier_5_rev_4,mei/final,mesmo arquivo
200313,PatchApplier_15_rev_8,unique/final,mesmo arquivo
200480,PatchApplier_5,unique/final,mesmo arquivo
